TDSFU Daily run: Thu Oct 23 08:28:32 UTC 2025 TDSFU
TDSFU Daily run: Fri Oct 24 04:35:20 UTC 2025 TDSFU
TDSFU Daily run: Sat Oct 25 04:33:52 UTC 2025 TDSFU
TDSFU Daily run: Sun Oct 26 04:34:02 UTC 2025 TDSFU
TDSFU Daily run: Mon Oct 27 04:43:29 UTC 2025 TDSFU
TDSFU Daily run: Tue Oct 28 04:36:41 UTC 2025 TDSFU
TDSFU Daily run: Wed Oct 29 04:41:55 UTC 2025 TDSFU
TDSFU Daily run: Thu Oct 30 04:36:00 UTC 2025 TDSFU
TDSFU Daily run: Fri Oct 31 04:41:43 UTC 2025 TDSFU
TDSFU Daily run: Sat Nov  1 04:34:09 UTC 2025 TDSFU
TDSFU Daily run: Sun Nov  2 04:36:02 UTC 2025 TDSFU
TDSFU Daily run: Mon Nov  3 04:42:57 UTC 2025 TDSFU
TDSFU Daily run: Tue Nov  4 04:36:52 UTC 2025 TDSFU
TDSFU Daily run: Wed Nov  5 04:37:59 UTC 2025 TDSFU
TDSFU Daily run: Thu Nov  6 04:42:15 UTC 2025 TDSFU
TDSFU Daily run: Fri Nov  7 04:37:15 UTC 2025 TDSFU
